FIRSTNAME,LASTNAME,ID
Mercie,Godbehere,74299844
Jennica,Plampin,36362950
Carlina,MacKowle,06034658
Bert,Crasswell,81633088
Ollie,Garling,44367806
Marlie,Sibthorp,56711376
Pace,Hearle,11274265
Alfie,Lilley,92085358
Issie,Scannell,85921817
Kimbell,Brotherton,69127548
Tann,Pearde,68675291
Samuel,Blaise,06168106
Constancia,Littrell,92574923
Edan,Doughartie,66616913
Tersina,Verzey,81403001
Lani,Haycox,03010463
Garwin,Allsepp,34845409
Gertrud,MacCurtain,68479186
Clayton,Feldmus,43270966
Glory,Blakeley,05706961
Boonie,Kerbey,66223871
Abe,Garroch,54409221
Brien,Oram,53364481
Den,Amiss,82245388
Kory,Baynham,50844819
Lek,McKeachie,13914762
Rabi,Stapforth,11157263
Marleah,Addey,49523365
See,"O'Farrell",31638278
Shadow,McIlhagga,33270912
Kassandra,Showers,00216119
Amii,Donaldson,21818868
Andris,Vautrey,90928878
Noni,Kringe,36872264
Sullivan,Greeveson,49590808
Lissi,Shuter,35551844
Lesley,Adolf,87654614
Joshia,Dickinson,90770265
Georgie,Howchin,79831779
Cordy,Winterscale,95823009
Chaim,Udie,71486577
Roma,Girardetti,27639193
Mechelle,Chaize,28080590
Sean,Tenniswood,54701770
Kimberli,Parlot,86377873
Leonerd,Eliez,03980946
Ransom,Colebeck,90496485
Sayers,Laughrey,82659051
Waring,Bozworth,69628810
Rock,Hearley,22279486
Rosamund,Paiton,15736322
Scotty,Soldner,54417332
Almire,Marlow,75284367
Astrix,Iapico,94884035
Niles,Cowdroy,62871024
Launce,Hannond,50391006
Jarrid,Findley,00461681
Randie,Rigard,33788004
Ninetta,Chidlow,65299095
Vyky,Kristufek,09128691
Caria,Pumphreys,11262865
Tobin,Brade,32211455
Barnett,Tortoise,75884924
Shurwood,Alderton,50477718
Koenraad,Burgoin,14198592
Anitra,Realph,28787432
Renata,Tague,34005319
Germaine,Telfer,47153207
Glyn,MacArthur,34729288
Gardy,Coulthard,73417617
Jeramey,Caris,88228467
Thorny,Gascoigne,78031959
Wendall,De Carteret,34569881
Odo,Cooksey,50460424
Dalis,Orneblow,65387340
Amargo,Hatterslay,26558196
Erina,Howchin,24854867
Kelley,Harber,66709919
Drusi,Rilston,55062364
Dawna,Takkos,49962348
Devon,Brauns,76783515
Jewelle,Clemot,69449414
Trumaine,Kennett,32771828
Pasquale,Tremayne,50976732
Zelma,Kleis,48987288
Penrod,Oloshkin,38773812
Kellyann,Sisson,94894973
Linn,Janicki,86579486
Antonietta,Kryska,34322276
Lucine,Conring,67060560
Elysee,De Beauchamp,34194742
Samuele,Hindhaugh,68226580
Britt,Joskowicz,98727072
Danell,Aveling,36142729
Vanessa,Dybbe,98399287
Aubert,Malkie,02160014
Shannah,Purton,33910277
Maurise,"D'Antonio",70774861
Marylinda,Lamanby,67587367
Karleen,Limbourne,29570839
Evered,McKinstry,40725342
Benn,Peascod,70111708
Giulia,Hubble,46709356
Vanni,Ehlerding,17557624
Michael,Chable,53715072
Fairfax,Demonge,97698335
Maryanna,Domoni,78413530
Frederique,Norvell,21464017
Ofelia,Thomtson,64176784
Pascale,Wisden,48183769
Ozzie,Fendley,68289070
Harmonia,Potts,34016603
Arleta,McCrackem,83582370
Anastasia,Platfoot,75162553
Ora,Perrin,16524290
Stoddard,Lebel,17588028
Rafe,Moore,30433662
Rafaello,Kees,79234567
Dinny,Dalliston,66066996
Kiri,Foster-Smith,55117486
Johna,Ollerearnshaw,54238223
Seymour,Zecchi,33131464
Bonita,Wedon,42151412
Kareem,Leguay,71050645
Vida,Custy,22210491
Ashil,Upston,46643431
Evangelina,Collings,15087988
Erika,Garretson,78697678
Alisander,Kolakowski,71639867
Jo,MacClancey,73053589
Thorndike,Eat,27694396
Goldi,Impleton,76876149
Emeline,Fidal,74222953
Pen,Siely,10579421
Davine,Seniour,82296462
Herbie,Poluzzi,79052027
Brandy,Buddock,81914303
Virginia,Christofe,75425555
Markos,Gumley,52781709
Min,Stanman,96886840
Banky,Pattrick,06332086
Letta,Vaneschi,58097635
Portia,Brewin,02812564
Smitty,Burdoun,59818483
Tyne,Caslin,08908338
Feliks,Deniskevich,37763648
Chastity,St. Queintain,09802481
Bengt,Keepin,49505436
Billye,Lebarree,03515637
Gale,Gudgeon,38991135
Jeramie,Sedman,44931172
Alexandrina,Rapkins,50893356
Carolee,Doel,44309638
Gisele,Minchindon,25814158
Idell,Martine,38860808
Trudey,Flanne,61152553
Maxwell,Rotchell,73571483
Nessy,Gawne,32542939
Raffaello,De la Zenne,28675047
Brendis,Seagrave,20046823
Tiebold,Betke,03326879
Averil,Le Maitre,17804315
Ignazio,Pilkinton,06863750
Shena,Dalzell,00532757
Taffy,Thickpenny,06929662
Jorge,Cutts,82437124
Leodora,Croix,28494855
Herby,Volkers,59246890
Byrle,Mulvy,30936267
Philippe,Farrah,97086918
Kaycee,Rosenblum,69662810
Anne,Raecroft,75411546
Mariejeanne,Cisco,76175288
Dunstan,Kneeshaw,93001395
Jan,McCracken,06324974
Jannelle,MacNeilley,41489035
Lita,Lambswood,13364502
Agnese,Maleham,66268487
Elita,Esson,94212821
Bunnie,Picknett,32375841
Amble,Petrushka,48670876
Keefe,Pringle,56042360
Tildi,Rainbow,78452137
Appolonia,Mosley,19751599
Ursa,Bernardot,35175575
Jozef,Trevance,75161417
Pierette,Blackaller,56630574
Aundrea,Tiley,36116968
Jeannette,Trustey,79853364
Danni,Beiderbecke,15506732
Malvin,Carmody,69064431
Asa,Feighry,70671405
James,Redsell,38628902
Hiram,Scranney,57204365
Hilda,Emblem,52059952
Natale,Else,93435509
Vikki,Kalisz,78005172
Lola,Milberry,27749064
Matthus,Abel,35612288
Shae,Twaite,74601668
Giulietta,Gasparro,12464470
Dotty,Labes,03965817
Jayson,Menat,59545636
Abbott,Josefsen,15747072
Brier,Driffield,73736952
Phillip,Telfer,35171129
Jakie,Tappor,57372409
Sean,Tackle,58269749
Moselle,McDell,26204701
Miller,Melmoth,79807848
Desirae,Hanwell,00131015
Leesa,Brayfield,00880980
Rey,Matthewman,23026910
Shela,Bernadon,21061827
Janenna,McGow,13460132
Annora,McMains,05563004
Anabella,Davson,69681830
Nixie,Lukacs,88088929
Willetta,Lapenna,43513805
Trula,Strothers,88442919
Liza,Devenport,26462847
Alejoa,Simmank,19020571
Klement,Husbands,52090641
Katee,"Van't Hoff",52704588
Wood,Clibbery,76829441
Linnet,Bortoluzzi,16233199
Darrelle,Gatrell,02071244
Guthrey,Filippazzo,97393984
Grazia,Halloran,69181020
Sloane,Paylor,74753153
Allyn,Grishanin,54150828
Trixi,Millership,93369241
Hildagarde,De Cristofalo,15860986
Candi,Lavalle,36219323
Calley,Barlie,66580675
Catie,Hurcombe,80022525
Neal,Viveash,31168388
Ian,Sute,33142113
Jeno,Trynor,98903281
Tymon,Heitz,36734816
Jobi,Parbrook,02551859
Arlina,Fullbrook,13112565
Noelle,Candwell,14950362
Yurik,Smullin,28779227
Sydney,Echalier,20493229
Eran,Argont,70806041
Renato,Pautard,46792624
Denice,Inkpen,57630054
Dru,Elie,54564402
Michelina,Robilart,80772942
Lothario,Dmitr,11609067
Lulita,Geharke,21809879
Sterne,Krzyzaniak,38303909
Charisse,Tees,78247366
Laurena,Woollhead,65633165
Fairfax,Keitch,91901995
Lanna,Southern,95046087
Royce,Crollman,82862301
Adah,Pressman,39542045
Bartlett,Colling,56922066
Frasier,Lindl,17600374
Lorin,Barthelemy,15674513
Salmon,Ladbrook,58722492
Tiphani,Cordero,34872965
Evey,Wardingly,89254334
Gerek,Pitcock,58567244
Beniamino,Abrahamowitcz,89486532
Kirsteni,Wennington,89956712
Stearne,Swallwell,53859668
Rose,McGoon,33661479
Nanon,Northern,22126799
Christiane,Demageard,79441114
Orton,Darke,04279766
Dion,Camel,09463026
Kalli,Bingell,78199529
Nicky,McClaughlin,50431159
Stefa,Balch,48955045
Bob,Points,89792215
Vernice,Jaimez,59239564
Johny,Rubenov,04707561
Elnore,Antonellini,53704576
Wilma,Luetkemeyers,86102684
Carole,Polycote,79950065
Milo,Mossdale,41808679
Uta,Oselton,80790487
Ellerey,Cashford,89245935
Olga,Dymoke,52580387
Chrisse,Absolem,24387585
Geneva,Floweth,78518751
Ezra,Mc Caughan,92903519
Avrit,January 1st,47646314
Kip,"L'Hommee",13112685
Flory,Housden,11123339
Karola,Eshmade,63470071
Winny,Pietruschka,93969454
Ginnifer,McLeary,21609125
Falito,Kenion,65621278
Gwenni,Wilmot,73099494
Giovanna,Stolze,29475155
Hobard,Lagden,03566907
Ely,Larimer,42425701
Sybyl,Fido,12383113
Stace,Dolohunty,24971969
Dolli,Mauvin,10433171
Lorne,Dennitts,73113412
Ruth,Trude,97150460
Gilberta,Booeln,48368450
Lissa,Keeler,44648780
Skipper,Cogdon,30585778
Poppy,Stockford,43828108
Johann,Jeggo,03498784
Katinka,Conre,38834405
Dedie,Cheshire,00035263
Roman,Sealy,97434865
Artemas,Blackster,23014137
Phil,Ronchka,52360123
Ileana,Sondland,88257377
Martita,Kiggel,33560403
Adrien,Clash,32063158
Morgana,Kaplan,93244283
Trevar,Dewsnap,34339054
Chrissie,Pockey,45356539
Kellyann,Tremmil,23125299
Minne,Hennemann,65986659
Erasmus,Cotter,19546266
Shandee,Rougier,00316957
Bernetta,Read,63589891
Roxine,Low,00304302
Roosevelt,Duckfield,14543076
Thaxter,Katz,29989419
Veda,Paxforde,93071150
Farley,Bednell,68279732
Randee,Glashby,98941008
Ariel,Gussie,92960068
Dennie,Busswell,74609560
Hally,Parades,87691937
Suki,Risen,97103110
Fayette,Dobrowolski,55640291
Kiley,Karlik,54730399
Raquela,Leyban,05170797
Crystal,Meredyth,30199139
Jaine,Muscroft,14120020
Marjory,Frank,46698112
Horace,Monks,26271986
Robena,Gland,33740459
Ludovika,Muncey,07873775
Robinetta,Osman,44510531
Lacey,Blasli,07784861
Kelcey,Torel,81300264
Patrizius,Grebner,49017932
Perrine,Ricold,34500779
Hoebart,Tennant,46652225
Cherri,Gostage,90816439
Tiff,Hazeup,28000911
Georgine,Chalcroft,18612780
Dinah,Sandom,43936876
Man,Kinnett,76270388
Katie,Flacknell,58076094
Pandora,Badsey,85571582
Winifield,Gerauld,11391875
Bobina,Beaglehole,85202177
Konstance,Stanton,76918253
Randell,Pardon,60853131
Giuditta,Kneath,74096155
Isabel,Tydeman,28373961
Brodie,Shepard,70617565
Violette,Darragon,62310918
Millie,Rosander,29958895
Florrie,Duigan,28896922
Nollie,Duetschens,24187099
Hilary,Brankley,90175848
Ivory,Jakeman,80092445
Curr,Prenty,91420185
Khalil,Casarino,09685021
Salaidh,Frugier,71351329
Kathlin,Worts,70509360
Tades,Durnin,45549365
Opalina,Haffenden,70057542
Timmi,Bremmer,50795965
Kelci,Mathey,98063152
Maryl,Bellringer,36436709
Parnell,Dinesen,69777764
Monica,Beardon,75430888
Cam,Potell,18785582
Ellsworth,Rother,89081860
Solomon,Huscroft,47670193
Petey,Kohter,60848581
Everard,Bachellier,17453679
Katlin,Marousek,68449658
Buckie,Mitchely,62407412
Yasmeen,Bondar,83050817
Kendricks,Lyston,47391538
Emilee,Duigenan,90609061
Corny,Fairs,07088060
Helli,Jennick,80232440
Brian,Floodgate,75269736
Tan,Coddington,54002575
Philbert,Raitt,98032175
Humfried,Helder,92291734
Lothario,Vaudin,66053728
Lia,Rosenthal,77486663
Pammie,Cottel,40931897
Donny,Liepina,46613384
Jaymie,Penhalewick,22510970
Engracia,MacConneely,71416419
Shanda,Snartt,74168119
Flin,Dawdary,83606130
Caldwell,Aleksandrev,04876282
Allyn,Narey,89801424
Alyosha,Rentalll,00744803
Lois,Flewett,84966581
Turner,Gumbrell,78847932
Shelba,Lacasa,21882296
Valerie,Arrighetti,70097249
Kort,Hairs,86990159
Dorris,Raithmill,99216414
Irvine,Turnell,30106260
Dorian,Dashper,19603183
Maximo,Hehnke,20887883
Siusan,Bould,83384888
Elinore,Gundry,52389867
Kalie,Millen,46721039
Sigrid,Revington,00969710
Bartie,Koppeck,67865835
Ive,Segot,16480041
Lee,Stirley,58384181
Madelaine,Brute,83942512
Halley,Dunbabin,71448114
Gustavo,Claire,49611006
Taryn,Macourek,56011346
Pepito,Sandiland,73250086
Kendricks,Bannister,78937946
Mitzi,Eastmond,51680693
Thebault,Lethbury,21892116
Hubert,Schoolcroft,66667047
Terri-jo,Blondin,50959544
Durward,Dreakin,33747327
Theo,Stammler,50528125
Minetta,Yerrall,07323176
Oralee,Onthank,44618360
Hazel,Joyner,05975624
Blinny,Windle,25549432
Gwenore,Karolyi,66340205
Nanny,Rogeon,06750273
Rita,De Domenico,72226178
Trisha,Tonsley,52876108
Idelle,Hartropp,46800527
Sidonia,Roman,52440225
Douglas,Kemmer,27514958
Binny,Shrieve,46683484
Agnella,Shefton,02535186
Emmy,Danhel,77633162
Aggy,Blower,14778198
Hart,Luton,36688731
Lise,Becconsall,89139568
Truda,Dannehl,70047076
Miran,McArte,92306582
Creight,Pendrich,68770525
Grant,Carreyette,33231126
Jeanna,Banyard,91572750
Myrtie,"O'Curneen",89492597
Susannah,Prevett,11715725
Michale,Scrowson,31062927
Kaiser,Tisor,59655498
Burton,Nund,90883154
Aigneis,Jannasch,40169241
Dasha,Hinkens,16546287
Florencia,Bickell,59452345
Katrina,Danielian,90909571
Dickie,Isaksson,81073917
Clemence,Filippo,76924037
Van,Scahill,19943022
Helen-elizabeth,Graddon,95833380
Carney,Given,33031092
Hedwiga,Rattenberie,28355085
Asia,Rahill,67637560
Rudyard,Tabrett,08392709
Madelin,Paskin,88593981
Faustina,Benesevich,60118498
Oliviero,Croote,96893168
Kristyn,Keiley,83817916
Ingaberg,Kits,33853988
Brody,Flury,22549667
Joyann,Flatt,64390414
Willow,Weddell,37878156
Rolfe,Luetkemeyers,87858638
Karla,Tattershall,52123392
Catharine,Few,96124555
Yehudit,Bentje,86797600
Paulita,Gaddesby,38832922
Thomasina,McGlade,83826003
Niko,Timby,13517755
Nicolais,Norcott,15478641
Sarah,Narraway,54122617
Wolfgang,Simmon,44851496
Kalila,Eubank,63763439
Estella,Skeemor,24526735
Glenn,Shireff,07947578
Zedekiah,Duddle,47168941
Far,Geake,35534833
Sascha,Wing,27617510
Curran,Phillp,43577736
Ailey,Gantzer,52198088
Ettie,Hazley,59626671
Zachary,Oattes,32502388
Trace,Coxen,49213684
Ardyce,Jaffa,40426914
Irita,Alderwick,76664071
Ax,Haggard,22610268
Eugenie,Chastanet,40377977
Valentino,Duchesne,37917125
Aggie,Beadnall,55867942
Purcell,Esson,68679338
Cally,Livingstone,81886757
Carree,Losano,69662491
Corrinne,Stallwood,66077007
Gal,Huckster,72515383
Fernandina,Sandbrook,94969128
Natalie,Janicki,07594967
Ruthy,Kleinplac,86928779
Nari,Addie,96881676
Tome,Brickett,18899761
Harman,Garbert,80686427
Dottie,Brisbane,87677599
Linnell,Skakunas,33195242
Corinna,Killich,42984795
Grover,Rubinlicht,81947533
Alano,Baiss,50236454
Mylo,Fludder,98696148
Nickolaus,Mirfin,81843155
Teri,Kittless,47304762
Stanfield,Treneman,34507573
Genovera,Merritt,78688900
Khalil,Najara,65492710
Georgianne,Cicchelli,90565162
Flora,Kitchenham,41907693
Dona,Colville,25116668
Cynthie,Ferriby,89500911
Carson,McEvoy,19202103
Jeanette,Ruoff,76301699
Sheeree,Caudrey,01892703
Jessika,Tower,00572868
Lelia,Waterstone,91746629
Burl,Hunnable,53070060
Dorey,Wasmuth,66780929
Frasier,Bendan,86449367
Marjory,Airdrie,14954827
Aurel,Murie,39031261
Jeralee,Yeoman,30798325
Culver,McDonand,92817133
Claudetta,Dessaur,55482846
Tine,Yirrell,84838973
Ashlie,Panchen,39826194
Tiffie,De Cleen,45843586
Elroy,Rodrigo,08472584
Cathy,Ruggs,52428130
Edik,Tawn,50204891
Royce,Gillet,50942387
Crosby,Johnson,13433768
Brucie,Bradd,00867896
Layton,Dabnot,83156976
Ivie,Wigfield,17380073
Rozanna,Jurick,44300711
Shaughn,Hegg,36474260
Loren,Scahill,99166623
Shanna,McClure,40873379
Melinda,Di Antonio,55112069
Yurik,Rustan,87235373
Ira,Gillford,14151459
Eugenio,Hopfer,92203423
Pancho,MacRorie,95192919
Suki,Liepina,92872920
Tulley,Budnk,24773030
Babara,Corday,26212695
Biron,Trinbey,44048054
Giustino,Fawssett,79932884
Vasilis,Cannell,31957690
Rey,Chander,65058821
Valaree,Paris,78259311
Trina,Dowding,12483062
Dun,Tollet,97307321
Conrado,Korejs,43479480
Jacquenetta,Hallum,20968246
Johnathon,Morter,46118953
Benny,Gilleon,84568768
Morissa,Diegan,53755690
Lane,Gaukroger,05259788
Caspar,Simunek,64563227
Ramonda,Billows,74255959
Sioux,Cordeix,81256845
Mora,Debill,51660314
Lorri,Sappson,55651929
Gray,Emps,98876199
Adriano,Trass,15510043
Leanora,Tomasicchio,49486037
Katharyn,Whitters,90583193
Lanie,Colbrun,49512005
Sonja,Eunson,20745983
Bobbi,Pindell,35852208
Kalvin,Cuthbertson,48280182
Humphrey,Laurentino,79226775
Lavinia,La Padula,13384042
Ker,Rutgers,86872174
Rudolf,Odam,29996847
Odette,Tante,50739114
Kirby,McIlveen,15181700
Claire,Plunket,30124208
David,Mansour,48310278
Basil,Otto,77301852
Nonnah,Clapp,33890128
Georgy,Cramer,20028143
Ettore,Hebard,18157138
Roselle,Deely,31949434
Moise,Garrelts,38905269
Caroljean,Edgecombe,44102394
Lindy,Celloni,85565038
Christyna,Rosenbloom,33083429
Land,Sallan,25174247
Darcey,Claisse,58127324
Carleen,Hartford,16757411
Jacquelyn,Mocker,18012499
Farra,Tresler,53011226
Julia,Grisewood,69222171
Sholom,Dysart,78307879
Francesco,Morstatt,84509684
Patin,Kun,26022106
Vivienne,Poulett,31911767
Doreen,Imrie,34777465
Gothart,Ringham,32259988
Tremayne,Beeho,98851773
Evy,Noriega,55878317
Beltran,Crosseland,42989446
Crystal,Sams,66788330
Denver,Stansbury,51962671
Loydie,Knyvett,92436028
Olly,Chuter,65675267
Miof mela,Howles,90679447
Melesa,Grimditch,88416798
Thorndike,Frickey,06120877
Carol-jean,Tejero,72014704
Hollie,Dugald,38500632
Christyna,Velasquez,14934186
Paulo,Ransome,07121626
Annmaria,Elcome,27931446
Oren,Elrick,56609979
Stephanus,Monaghan,44388968
Pepita,Andrzejewski,72301807
Muhammad,Zeal,43564863
Eberhard,Harsnep,49769028
Deirdre,Wessel,17504852
Thibaut,Burney,89443159
Grenville,Raincin,85211472
Westbrooke,Yorston,40813242
Marga,Paladino,65815397
Dix,Merigon,39882568
Dukey,Durtnell,58449007
Georgi,Fawcett,23564532
Towney,Gilkes,19366753
Kat,Busfield,95218307
Cristal,Eaves,01791621
Ashly,Bagg,84694419
Worth,Condit,33745725
Lottie,Gillon,55791114
Alyson,Hoofe,02182850
Bartholemy,Dofty,33711677
Paulita,Cheater,04804886
Hana,Dooland,20129721
Jermaine,Durbann,05503987
Torey,Chotty,34925861
Damian,Werrilow,10062994
Pegeen,Mordie,71918764
Troy,Froom,14792363
Loydie,Barrick,08767876
Saxon,Kimber,29431451
Skippie,Oxley,14860773
Nikolaus,Dooher,31102598
Jayme,Ilchenko,26981679
Madalena,Mariner,17581437
Dugald,De Metz,99617149
Noam,Linstead,87993504
Barn,Eggerton,86059708
Anna-diane,Cummungs,17458092
Keefe,Lambdon,62813858
Sully,Adlard,85451620
Frances,Dillingston,06348924
Kalinda,Vice,99004746
Ailina,Linnitt,07914403
Tabbie,Eke,58679830
Edie,Joiner,47924869
Colly,Ferenczy,64820482
Ash,Dowzell,24129594
Ardelia,Bonavia,07953237
Noella,Dowgill,34245072
Noble,Swaton,17946455
Nariko,Kinchlea,88931380
Codi,Klesl,55116928
Warren,Kirvin,38534454
Manfred,McGarrahan,11271048
Mariel,King,43287836
Tadeo,Crumley,27583307
Pat,Deare,42388627
Micaela,Warbys,71484448
Kissiah,Camamill,40970622
Bess,Lehon,87436789
Phoebe,Pressland,04351681
Ronny,Tibbits,13220207
Quentin,Pantry,62847538
Wat,Gamlyn,42179127
Witty,Bendig,05272530
Silas,Jersh,10402353
Theodor,Ridgeway,59022797
Alaine,Charlson,94956615
Gradeigh,McCumskay,09939900
Niall,Woodruff,56491889
Peter,Gutierrez,55130816
Ab,Crannell,40513540
Philomena,Franciottoi,98300959
Rooney,Lethbridge,52231896
Aguste,Salery,85375308
Emlynn,Matyukon,15446303
Vincenz,Kellen,39894349
Zolly,Cockitt,53560284
Benoite,Doers,29020341
Anatola,Feldstern,35178532
Carolyne,Milch,28219643
Amandi,Denisard,19047578
Alissa,Pykett,20518865
Ceciley,Kaas,37927128
Bogey,Crowest,00173331
Jim,Crowther,91272424
Dion,Abbot,92142889
Garfield,Grebert,08932588
Vivyanne,Harsnipe,58036134
Brigg,Caccavari,52430541
Brandon,Fishe,31151541
Yvor,Roubeix,10770963
Zelig,Frayling,04436416
Marya,Lackmann,36665338
Kai,Wollers,65857241
Misti,Edgington,01507566
Reyna,Bould,29752011
Shoshanna,Girardi,64700990
Mort,Bortolozzi,46132491
Roman,Elgey,78636134
Kaja,Hantusch,19612777
Pinchas,MacFayden,28075280
Gibb,Geraudel,84540162
Marcille,Beetham,66673993
Jessamyn,Iwanowski,14010938
Egan,Clow,57032243
Josephina,Varker,16496280
Caye,Gawen,77708181
Patric,Le Noir,67465313
Corny,Westrope,65740091
Chloe,Sedgebeer,00711385
Jacinda,Hulland,76621997
Bridie,Abramzon,63244696
Otto,Theml,84187853
Randy,Rikkard,75558876
Moss,Jeannequin,19917978
Tallie,Bassano,41587029
Bernadette,Deetlof,79344214
Kelli,Warre,76051935
Carlyle,Browell,96755235
Antonie,Benza,39440892
Sallyanne,Sprason,96262219
Carma,Newlove,40479318
Colman,Crannell,00023398
Carin,Haseley,44999271
Melessa,Bambrough,94533879
Donnell,Dobbin,13287299
Kellina,Wickey,45156803
Alecia,"O'Sherrin",49991581
Vanna,Beauchop,78122777
Dorey,Giorgio,87361412
Bob,Championnet,32533128
Willow,Lindermann,31979751
Alic,Kinchin,01558577
Engracia,Corless,88519345
Ag,Connachan,91898658
Bevin,Blowfelde,92957176
Keeley,Glasebrook,51853135
Hendrick,Gratton,27071988
Willetta,Bealing,28439015
Millard,Dilliston,90622632
Issiah,Goulding,62904671
Reube,Braden,84622779
Maurits,Farrington,69221785
Hubert,Abrahamovitz,08798258
Tomi,Ricardou,36989162
Heidie,Janjusevic,30454707
Lay,Gilby,13429730
Maure,Lesslie,25644510
Archibaldo,Pietsma,51461022
Kris,Rosbrough,35713811
Aggie,Weatherell,85871596
Marja,Itschakov,88910498
Donelle,"O'Cleary",58124015
Tasha,Grummitt,43955210
Fayth,Rumney,35474079
Reece,Guiduzzi,48887216
Nap,McQuilliam,27918159
Eleni,Clutton,54710233
Sharlene,Ganders,16193264
Chalmers,Marran,45671472
Billie,Henke,05723500
Romain,Koeppke,80262990
Nil,Gierek,28053921
Jillie,Farland,08811139
Jedediah,Burn,91813590
Marcie,Bente,61803364
Hewe,Skittrall,28050166
Hanny,Itzhaiek,35131272
Becca,Normanton,13433586
Pietra,Hindmoor,33783616
Sela,Branigan,45966310
Hillery,Durtnall,47694517
Bertine,Tutill,84494362
Corena,Adds,14513548
Chase,Rosewell,53446039
Daune,Holley,61564079
Hilary,Linskill,93905928
Jobye,Grabham,94379512
Jule,Cable,18178896
Ainsley,Ambroix,27896444
Kearney,Farrens,82051745
Sol,Crawley,06222033
Dinny,Gilling,47814250
Leonanie,Lemanu,56334186
Fanni,Vinnicombe,89434866
Victoria,Swarbrick,34578759
Pernell,Huortic,93999897
Meggy,Jone,72188854
Hernando,Privost,07744263
Durant,Drohan,74923892
Adaline,Mathevon,04678058
Tedman,Baston,06627960
Oswell,Ashlee,43245903
Rowan,McKimmey,47886933
Tess,Ivannikov,30200179
Egbert,Folker,67485322
Phyllis,Lorne,16180215
Inga,Pritchitt,49382501
Nicolette,Lancett,83340175
Golda,Spenclay,88270853
Tatiana,Guerrero,33942354
Wendeline,Allwood,57886095
Clea,Scarffe,82913287
Forbes,Beddis,47435579
Juli,Simmings,36965625
Lilias,Shrive,43543119
Christophe,Krystof,66768588
Dory,Tiley,55332419
Issy,"O'dell",38610605
Mimi,Keningley,57613541
Hieronymus,Rapkins,88842338
Guntar,Stoffler,15325799
Shirlene,Boyde,05545532
Bernie,Pfeuffer,16624524
Blayne,Cocklie,24631937
Zeb,Philippart,06364470
Kacy,Crook,60270227
Delilah,Swainston,67973234
Fulvia,Semour,99029691
Ursola,Steele,86310573
Mano,Dalglish,94335669
Jamal,Fane,32799758
Lizette,Orts,95577842
Roda,Gilkes,48466858
Noam,Stranahan,24081191
Dell,Dello,81243139
Karlens,Ilyushkin,37736604
Benton,Izat,59989145
May,Otton,40119979
Sim,Barrett,06091354
Vernice,Obin,73581345
Gar,Towll,72126489
Mortie,Adelberg,96726788
Andrey,Kochlin,50564459
Hurley,Barts,68115880
Raymond,Hazelton,08808027
Eddy,Borer,43076187
Fowler,Pigrome,92667667
Jerry,Pedrocchi,46569760
Hilde,Bachelar,53853834
Roddy,Guilliatt,47884198
Marcelline,Eckhard,68129751
Pierrette,Fish,53102267
Moshe,Wellfare,58578723
Norton,Lait,57430510
Mill,Starkey,11429758
Sauveur,Livermore,20828303
Randee,Cecere,61878833
Paddie,Wyborn,22029241
Artemus,Blaxill,84919550
Kimberli,Vignaux,44313399
Jaimie,Huster,69424320
Cornell,Kewzick,35215633
My,Follet,30413502
Joey,Downs,87108526
Harri,"O' Ronan",68338172
Joeann,Bocken,03067546
Marcello,Vila,81119244
Bradford,Riddall,01370431
Lorens,"O'Leagham",55981756
Janka,Boniface,62342287
Lionello,Collings,14799749
Gilly,Rabl,13719116
Cathe,Dreini,29688783
Deanna,Chislett,96269050
Dewey,Daglish,14946471
Davine,Graal,09240215
Kermit,Gooble,88673497
Sarajane,Rackam,32394442
Fran,Athersmith,45597743
Felicdad,Yakovlev,01426089
Chet,Hulburt,50322037
Rosita,Fibbens,67503764
Harrison,Elsey,37858796
Aurea,Merill,74383347
Floris,Cottingham,50313177
Lorene,Hartropp,76763176
Franny,Vsanelli,09468506
Marnie,Tallant,77071738
Eduard,Feacham,50132442
Torrin,Karpets,05062791
Dilly,Evett,06273004
Betteann,Petley,32643613
Jone,Missen,87207843
Kenneth,Ticic,85869648
Tedie,Stammers,96340403
Edmund,Strivens,62383163
Barbra,Barracks,29536662
Daniela,Sollas,78522393
Tabbie,Leary,21447330
Johann,Loudiane,49093839
Dru,Glitherow,89753622
Wittie,Grivori,69899989
Sallee,McAughtrie,93096179
Rosabel,Shobrook,46475341
Amory,Cometson,70992283
Audre,Daynter,54519851
Karry,Pelham,97420783
Wally,Aylett,97960226
Cam,Searson,04151683
Bogey,Ducker,41987768
Deane,Gornall,24832055
Scarface,Meo,65259178
Anna-diane,Nussii,23770803
Heidie,Gapp,79416865
Weider,Lukasik,66217344
Tommy,Leyband,77358212
Alasteir,Salvage,19467501
Jacqueline,Bruyett,75046021
Letitia,Haselden,62917206
Freddy,Quinn,82231449
Marji,Flowers,94462415
Gerhardine,Pauer,17437212
Nadya,Bendson,50755487
Rowney,Dirkin,30668117
Antonetta,"Skaife d'Ingerthorpe",30687965
Konstanze,Munford,83939879
Jacinthe,Gontier,72139626
Brockie,Allsep,57485032
Justis,Devon,80811326
Kimberley,Wareham,54731284
Patti,Noraway,75240310
Annis,Strangman,17740428
Brandice,Drinkwater,86810452
Birdie,Forten,22460562
Cherilyn,Caulcutt,22770427
Craggy,Hansom,05960620
Pierce,"O'Carmody",92194051
Bonnie,Cronk,96680789
Etty,Tomkies,54052290
Charline,Menendes,42455517
Bradney,Wind,18094144
Rhoda,Hutsby,44516429
Lynsey,"O'Corrigane",72146849
Kissiah,Losemann,38901870
Natal,Elgar,79840769
Mellisent,Scaice,39502899
Elyssa,Pauluzzi,25679167
Matilde,Duquesnay,96591252
Gilligan,Roddan,91557238
Vilma,Minico,09292571
Zulema,Seedman,05804783
Sybila,Besant,20354825
Che,Newport,47992349
Aeriela,Versey,30260367
Wain,Curle,34168537
Ruddy,Bolsteridge,08940748
Brita,Goburn,06571363
Tildie,Dimitrie,25102118
Kin,Pitrelli,04329645
Matti,Dener,49693413
Glenden,Demange,62740787
Jeramie,Staley,69647040
Dolf,Ramble,51097481
Harriette,Polino,56720573